Uhr,Name
0,235
1,235
2,234
3,235
4,235
5,235
6,235
7,235
8,235
9,234.0338983
10,232.7333333
11,226.8813559
12,211.2333333
13,156.0847458
14,24.68333333
15,4.627118644
16,6.677966102
17,32.78333333
18,209.2542373
19,235
20,235
21,234.9
22,234.9491525
23,234.8983051
